{
    "VTI": 0.17999999999999997,
    "VIG": 0.09999999999999998,
    "SCHD": 0.08999999999999998,
    "USMV": 0.08499999999999999,
    "QUAL": 0.06999999999999999,
    "AVUV": 0.059999999999999984,
    "IJR": 0.039999999999999994,
    "VB": 0.017999999999999995,
    "AAPL": 0.032999999999999995,
    "JNJ": 0.032999999999999995,
    "JPM": 0.017999999999999995,
    "KO": 0.014999999999999996,
    "MSFT": 0.007999999999999998,
    "BND": 0.19999999999999996,
    "VGIT": 0.04999999999999999
}