{
    "BND": 0.24999999999999994,
    "VOO": 0.15999999999999998,
    "VTI": 0.09999999999999998,
    "QUAL": 0.08999999999999998,
    "SCHD": 0.08499999999999999,
    "VIG": 0.06499999999999999,
    "SPLV": 0.059999999999999984,
    "AVUV": 0.039999999999999994,
    "VB": 0.027999999999999994,
    "VBR": 0.019999999999999997,
    "IJR": 0.016999999999999998,
    "IWM": 0.009999999999999998,
    "AAPL": 0.024999999999999994,
    "COST": 0.019999999999999997,
    "JNJ": 0.019999999999999997,
    "JPM": 0.009999999999999998
}