{
    "NVDA": 0.14499999999999996,
    "GOOGL": 0.10199999999999997,
    "AAPL": 0.08599999999999998,
    "AMZN": 0.08399999999999999,
    "LLY": 0.08499999999999999,
    "MSFT": 0.05799999999999999,
    "JPM": 0.053999999999999986,
    "V": 0.04999999999999999,
    "XOM": 0.04599999999999999,
    "META": 0.039999999999999994,
    "CRDO": 0.08099999999999999,
    "SITM": 0.04299999999999999,
    "ALGM": 0.031999999999999994,
    "AXSM": 0.029999999999999992,
    "TMDX": 0.027999999999999994,
    "DOCN": 0.019999999999999997,
    "CELH": 0.009999999999999998,
    "HIMS": 0.005999999999999998,
    "ELF": 0.0,
    "ENVX": 0.0
}