{
    "VOO": 0.25799999999999995,
    "SCHD": 0.16199999999999998,
    "BND": 0.12099999999999997,
    "VGIT": 0.08499999999999999,
    "SCHP": 0.059999999999999984,
    "AVUV": 0.05599999999999999,
    "JNJ": 0.051999999999999984,
    "AAPL": 0.04399999999999999,
    "VB": 0.040999999999999995,
    "KO": 0.030999999999999993,
    "VBR": 0.028999999999999995,
    "MSFT": 0.023999999999999994,
    "JPM": 0.022999999999999996,
    "XOM": 0.013999999999999997
}