{
    "VOO": 0.16899999999999998,
    "VTI": 0.04999999999999999,
    "SCHD": 0.11799999999999997,
    "USMV": 0.09099999999999998,
    "SPLV": 0.03699999999999999,
    "VB": 0.05099999999999998,
    "AVUV": 0.041999999999999996,
    "IJR": 0.026999999999999993,
    "SCHA": 0.015999999999999997,
    "AAPL": 0.031999999999999994,
    "GOOGL": 0.027999999999999994,
    "MSFT": 0.009999999999999998,
    "JNJ": 0.034999999999999996,
    "KO": 0.018999999999999996,
    "BND": 0.10899999999999997,
    "VGIT": 0.09099999999999998,
    "SCHP": 0.07499999999999998
}