{
    "VOO": 0.19199999999999995,
    "SCHD": 0.13799999999999998,
    "VXUS": 0.08699999999999998,
    "VB": 0.06699999999999999,
    "SCHA": 0.031999999999999994,
    "AAPL": 0.031999999999999994,
    "COST": 0.026999999999999993,
    "JNJ": 0.028999999999999995,
    "KO": 0.017999999999999995,
    "MSFT": 0.017999999999999995,
    "JPM": 0.009999999999999998,
    "BND": 0.16799999999999998,
    "VGIT": 0.10199999999999997,
    "VTIP": 0.07999999999999999
}