{
    "VTI": 0.18199999999999997,
    "QQQM": 0.13099999999999998,
    "SMH": 0.12399999999999997,
    "NVDA": 0.08599999999999998,
    "AVGO": 0.07099999999999998,
    "GOOGL": 0.06399999999999999,
    "AMZN": 0.053999999999999986,
    "LLY": 0.05099999999999998,
    "VXUS": 0.04999999999999999,
    "IWM": 0.03699999999999999,
    "XLK": 0.032999999999999995,
    "VWO": 0.025999999999999992,
    "XLI": 0.020999999999999998,
    "XLF": 0.017999999999999995,
    "XBI": 0.011999999999999997,
    "MSFT": 0.010999999999999998,
    "ICLN": 0.009999999999999998,
    "XLE": 0.008999999999999998,
    "META": 0.005999999999999998,
    "TSLA": 0.003999999999999999
}