{
    "AAPL": 0.08199999999999999,
    "AMZN": 0.04299999999999999,
    "AVUV": 0.08299999999999999,
    "COST": 0.09199999999999998,
    "GOOGL": 0.08899999999999998,
    "IJR": 0.030999999999999993,
    "JNJ": 0.06699999999999999,
    "JPM": 0.053999999999999986,
    "KO": 0.04599999999999999,
    "MSFT": 0.06399999999999999,
    "PEP": 0.021999999999999995,
    "PG": 0.03799999999999999,
    "SCHA": 0.023999999999999994,
    "UNH": 0.028999999999999995,
    "V": 0.06599999999999999,
    "VB": 0.04899999999999999,
    "VBR": 0.025999999999999992,
    "WMT": 0.05599999999999999,
    "XOM": 0.03899999999999999
}