{
    "AAPL": 0.07299999999999998,
    "GOOGL": 0.07399999999999998,
    "MSFT": 0.046999999999999986,
    "AMZN": 0.041999999999999996,
    "COST": 0.06399999999999999,
    "V": 0.051999999999999984,
    "JPM": 0.04399999999999999,
    "JNJ": 0.060999999999999985,
    "KO": 0.040999999999999995,
    "PG": 0.023999999999999994,
    "PEP": 0.017999999999999995,
    "UNH": 0.013999999999999997,
    "IJR": 0.051999999999999984,
    "SCHA": 0.040999999999999995,
    "VBR": 0.03899999999999999,
    "BND": 0.12399999999999997,
    "AGG": 0.08099999999999999,
    "VGIT": 0.10899999999999997
}