{
    "BND": 0.20499999999999993,
    "AGG": 0.11499999999999998,
    "USMV": 0.14999999999999997,
    "SCHD": 0.12499999999999997,
    "VOO": 0.10499999999999997,
    "VTI": 0.06999999999999999,
    "IJR": 0.04299999999999999,
    "VB": 0.03699999999999999,
    "COST": 0.04499999999999999,
    "GOOGL": 0.029999999999999992,
    "AAPL": 0.026999999999999993,
    "JPM": 0.017999999999999995,
    "JNJ": 0.016999999999999998,
    "KO": 0.012999999999999996
}