{
    "AAPL": 0.08299999999999999,
    "MSFT": 0.06799999999999999,
    "GOOGL": 0.08699999999999998,
    "COST": 0.07199999999999998,
    "WMT": 0.059999999999999984,
    "PG": 0.052999999999999985,
    "KO": 0.04799999999999999,
    "PEP": 0.031999999999999994,
    "MCD": 0.022999999999999996,
    "JNJ": 0.06299999999999999,
    "ABBV": 0.05799999999999999,
    "MRK": 0.04499999999999999,
    "UNH": 0.026999999999999993,
    "V": 0.06499999999999999,
    "JPM": 0.05099999999999998,
    "AVUV": 0.05099999999999998,
    "IJR": 0.041999999999999996,
    "VB": 0.030999999999999993,
    "SCHA": 0.024999999999999994,
    "IWM": 0.015999999999999997
}