{
    "BND": 0.25999999999999995,
    "GOOGL": 0.09399999999999997,
    "AAPL": 0.08099999999999999,
    "COST": 0.07599999999999998,
    "AVUV": 0.06799999999999999,
    "V": 0.05599999999999999,
    "JNJ": 0.052999999999999985,
    "IJR": 0.051999999999999984,
    "MSFT": 0.04299999999999999,
    "KO": 0.041999999999999996,
    "AMZN": 0.040999999999999995,
    "JPM": 0.03899999999999999,
    "SCHA": 0.03699999999999999,
    "UNH": 0.032999999999999995,
    "NEE": 0.024999999999999994
}