{
    "AAPL": 0.09299999999999996,
    "GOOGL": 0.08699999999999995,
    "COST": 0.08599999999999995,
    "JNJ": 0.07099999999999997,
    "WMT": 0.06699999999999998,
    "V": 0.05899999999999997,
    "MSFT": 0.057999999999999975,
    "JPM": 0.05399999999999998,
    "KO": 0.05399999999999998,
    "AVUV": 0.05299999999999998,
    "AMZN": 0.050999999999999976,
    "VB": 0.04399999999999998,
    "PG": 0.042999999999999976,
    "SCHA": 0.03999999999999998,
    "IJR": 0.03199999999999999,
    "XOM": 0.029999999999999985,
    "UNH": 0.029999999999999985,
    "VBR": 0.027999999999999987,
    "PEP": 0.01999999999999999
}