{
    "AGG": 0.09090909090909091,
    "BMO.TO": 0.10909090909090907,
    "BNS.TO": 0.09090909090909091,
    "EEM": 0.07272727272727272,
    "ENB.TO": 0.09090909090909091,
    "GLD": 0.09090909090909091,
    "IEF": 0.07272727272727272,
    "RY.TO": 0.09090909090909091,
    "SPY": 0.09090909090909091,
    "TD.TO": 0.09090909090909091,
    "XEF.TO": 0.054545454545454536,
    "XIC.TO": 0.054545454545454536
}