{
    "VOO": 0.30199999999999994,
    "SCHD": 0.15799999999999997,
    "VIG": 0.11799999999999997,
    "AVUV": 0.07299999999999998,
    "VB": 0.054999999999999986,
    "IJR": 0.03799999999999999,
    "SLYV": 0.020999999999999998,
    "AAPL": 0.04399999999999999,
    "GOOGL": 0.04299999999999999,
    "MSFT": 0.029999999999999992,
    "COST": 0.03699999999999999,
    "WMT": 0.026999999999999993,
    "JNJ": 0.021999999999999995,
    "KO": 0.016999999999999998,
    "PG": 0.014999999999999996
}