{
    "VOO": 0.18199999999999997,
    "SCHD": 0.15299999999999997,
    "BND": 0.14799999999999996,
    "AGG": 0.10199999999999997,
    "GOOGL": 0.07099999999999998,
    "IJR": 0.05699999999999999,
    "AAPL": 0.05599999999999999,
    "SCHA": 0.040999999999999995,
    "MSFT": 0.03899999999999999,
    "V": 0.03599999999999999,
    "AMZN": 0.030999999999999993,
    "JNJ": 0.028999999999999995,
    "VB": 0.021999999999999995,
    "KO": 0.013999999999999997,
    "JPM": 0.011999999999999997,
    "XOM": 0.006999999999999998
}