{
    "BND": 0.23999999999999988,
    "GOOGL": 0.08999999999999996,
    "AAPL": 0.07499999999999997,
    "COST": 0.07499999999999997,
    "JNJ": 0.05999999999999997,
    "AVUV": 0.05999999999999997,
    "V": 0.05499999999999997,
    "MSFT": 0.04999999999999998,
    "KO": 0.04499999999999998,
    "AMZN": 0.03999999999999998,
    "JPM": 0.03999999999999998,
    "VB": 0.03999999999999998,
    "PG": 0.029999999999999985,
    "XSLV": 0.029999999999999985,
    "IJR": 0.029999999999999985,
    "UNH": 0.01999999999999999,
    "XOM": 0.01999999999999999
}