{
    "BND": 0.20499999999999993,
    "VGIT": 0.10499999999999997,
    "VTI": 0.17999999999999997,
    "VOO": 0.059999999999999984,
    "SCHD": 0.14499999999999996,
    "AVUV": 0.04499999999999999,
    "VB": 0.029999999999999992,
    "AAPL": 0.029999999999999992,
    "GOOGL": 0.034999999999999996,
    "MSFT": 0.019999999999999997,
    "COST": 0.029999999999999992,
    "JNJ": 0.039999999999999994,
    "KO": 0.024999999999999994,
    "PG": 0.019999999999999997,
    "V": 0.019999999999999997,
    "JPM": 0.009999999999999998
}