{
    "BND": 0.20699999999999993,
    "AGG": 0.14299999999999996,
    "VOO": 0.24799999999999994,
    "VTI": 0.10199999999999997,
    "VB": 0.046999999999999986,
    "IJR": 0.03599999999999999,
    "VBR": 0.023999999999999994,
    "SCHA": 0.017999999999999995,
    "AAPL": 0.032999999999999995,
    "GOOGL": 0.033999999999999996,
    "MSFT": 0.010999999999999998,
    "COST": 0.029999999999999992,
    "JNJ": 0.025999999999999992,
    "KO": 0.019999999999999997,
    "JPM": 0.013999999999999997,
    "XOM": 0.006999999999999998
}