{
    "VTI": 0.20799999999999993,
    "SCHD": 0.14599999999999996,
    "VXUS": 0.11699999999999998,
    "BND": 0.14299999999999996,
    "VCSH": 0.12399999999999997,
    "VGIT": 0.04899999999999999,
    "AVUV": 0.060999999999999985,
    "VB": 0.03599999999999999,
    "AAPL": 0.030999999999999993,
    "GOOGL": 0.03899999999999999,
    "JNJ": 0.028999999999999995,
    "JPM": 0.016999999999999998
}