{
    "BND": 0.18099999999999997,
    "VGIT": 0.11899999999999997,
    "VOO": 0.15799999999999997,
    "USMV": 0.11199999999999997,
    "SCHD": 0.09699999999999998,
    "AVUV": 0.05599999999999999,
    "IJR": 0.033999999999999996,
    "VB": 0.018999999999999996,
    "GOOGL": 0.04599999999999999,
    "AAPL": 0.03899999999999999,
    "COST": 0.030999999999999993,
    "JNJ": 0.028999999999999995,
    "MSFT": 0.023999999999999994,
    "V": 0.020999999999999998,
    "JPM": 0.016999999999999998,
    "KO": 0.016999999999999998
}