{
    "BND": 0.21999999999999995,
    "VTI": 0.16299999999999998,
    "VOO": 0.07699999999999999,
    "USMV": 0.14299999999999996,
    "SCHD": 0.12699999999999997,
    "AVUV": 0.05699999999999999,
    "VB": 0.03899999999999999,
    "COST": 0.03599999999999999,
    "AAPL": 0.025999999999999992,
    "GOOGL": 0.027999999999999994,
    "V": 0.023999999999999994,
    "JNJ": 0.020999999999999998,
    "JPM": 0.015999999999999997,
    "XOM": 0.013999999999999997,
    "MSFT": 0.008999999999999998
}